[
  {
    "email": "jpaye86@outlook.com",
    "old_password": "072286Jp*",
    "new_password": "ShulkerGen842575",
    "timestamp": "2025-12-11 22:05:52.870670"
  },
  {
    "email": "gustavo.moraes.faria@outlook.com",
    "old_password": "@Zul2021",
    "new_password": "ShulkerGen216045",
    "timestamp": "2025-12-11 22:06:03.907740"
  },
  {
    "email": "yildirimataseven@hotmail.com",
    "old_password": "1453Yldrm..",
    "new_password": "ShulkerGen280643",
    "timestamp": "2025-12-11 22:06:14.945097"
  },
  {
    "email": "amatyuiplo@hotmail.com",
    "old_password": "JoshMargaux020311",
    "new_password": "ShulkerGen819731",
    "timestamp": "2025-12-11 22:06:26.001029"
  },
  {
    "email": "abdelmoezhj@outlook.com",
    "old_password": "Azoozy@1998",
    "new_password": "ShulkerGen787174",
    "timestamp": "2025-12-11 22:06:37.130396"
  },
  {
    "email": "ogavric62@hotmail.com",
    "old_password": "Danilo1910!",
    "new_password": "ShulkerGen449952",
    "timestamp": "2025-12-11 22:06:48.444911"
  },
  {
    "email": "gemsy4@hotmail.com",
    "old_password": "Musical4!",
    "new_password": "ShulkerGen875736",
    "timestamp": "2025-12-11 22:06:59.568783"
  },
  {
    "email": "mischa.franz@outlook.de",
    "old_password": "Mischa1971!!!",
    "new_password": "ShulkerGen052704",
    "timestamp": "2025-12-11 22:07:10.683290"
  }
]